Year,Black
2019,8.785714286
2018,14.8
2017,11.80645161
2016,9.260869565
2015,5.304347826
AVERAGE,9.991476658